{"cameraMode":{"drawMode":0,"name":"Shaded","section":"Shading Mode"},"sceneLighting":true,"audioPlay":false,"sceneViewState":{"showFog":true,"showMaterialUpdate":false,"showSkybox":true,"showFlares":true,"showImageEffects":true,"showParticleSystems":true},"in2DMode":false,"pivot":{"x":0.0306282676756382,"y":-1.0919569730758668,"z":3.3757565021514894},"rotation":{"x":-0.007611175999045372,"y":-0.7403791546821594,"z":0.008383951149880886,"w":-0.6720956563949585},"size":12.779585838317871,"orthographic":false}