{"cameraMode":{"drawMode":0,"name":"Shaded","section":"Shading Mode"},"sceneLighting":true,"audioPlay":false,"sceneViewState":{"showFog":true,"showMaterialUpdate":false,"showSkybox":true,"showFlares":true,"showImageEffects":true,"showParticleSystems":true},"in2DMode":false,"pivot":{"x":2.021131992340088,"y":-0.8831546306610107,"z":3.352503776550293},"rotation":{"x":-0.22419296205043794,"y":0.09949090331792832,"z":-0.0230143740773201,"w":-0.9691805243492127},"size":4.9438371658325199,"orthographic":false}